OrderDate,StoreLocation,Product,Category,UnitPrice,Quantity,Promotion,TotalPrice,Month,Weekday,Hour
2025-01-01,Manchester,Croissant,Bakery,5.321378641612221,1,No,5.321378641612221,1,Wednesday,17
2025-01-02,Manchester,Cappuccino,Coffee,8.870461462788974,3,No,26.611384388366922,1,Thursday,8
2025-01-03,Manchester,Sandwich,Food,8.221368770180806,4,Yes,32.885475080723225,1,Friday,19
2025-01-04,Birmingham,Latte,Coffee,6.100764760133837,4,No,24.403059040535346,1,Saturday,18
2025-01-05,London,Espresso,Coffee,5.038664762712749,4,Yes,20.154659050850995,1,Sunday,14
2025-01-06,Birmingham,Latte,Coffee,9.29443953347818,3,Yes,27.88331860043454,1,Monday,18
2025-01-07,Manchester,Cappuccino,Coffee,8.042856421208265,1,Yes,8.042856421208265,1,Tuesday,19
2025-01-08,London,Cappuccino,Coffee,5.494747697412599,2,No,10.989495394825198,1,Wednesday,8
2025-01-09,Birmingham,Croissant,Bakery,2.8676905301512754,1,No,2.8676905301512754,1,Thursday,8
2025-01-10,London,Smoothie,Beverage,7.4095302186771494,2,Yes,14.819060437354299,1,Friday,9
2025-01-11,Manchester,Latte,Coffee,8.073897274835517,1,Yes,8.073897274835517,1,Saturday,14
2025-01-12,Manchester,Cappuccino,Coffee,8.886425082026197,2,No,17.772850164052393,1,Sunday,10
2025-01-13,Manchester,Cappuccino,Coffee,4.125814150529058,3,No,12.377442451587173,1,Monday,18
2025-01-14,Birmingham,Smoothie,Beverage,6.098379262116237,1,Yes,6.098379262116237,1,Tuesday,16
2025-01-15,London,Latte,Coffee,7.203814788326529,4,Yes,28.815259153306116,1,Wednesday,14
2025-01-16,Birmingham,Smoothie,Beverage,2.037611979246038,4,Yes,8.150447916984152,1,Thursday,11
2025-01-17,Birmingham,Cappuccino,Coffee,7.6827989307852445,2,Yes,15.365597861570489,1,Friday,17
2025-01-18,London,Smoothie,Beverage,4.619844296541682,1,Yes,4.619844296541682,1,Saturday,17
2025-01-19,Birmingham,Espresso,Coffee,8.325984973075894,1,No,8.325984973075894,1,Sunday,14
2025-01-20,London,Espresso,Coffee,6.499711968032525,3,No,19.499135904097574,1,Monday,15
2025-01-21,London,Espresso,Coffee,6.521637194262815,3,No,19.564911582788444,1,Tuesday,14
2025-01-22,Manchester,Sandwich,Food,4.85885800181391,4,No,19.43543200725564,1,Wednesday,17
2025-01-23,London,Sandwich,Food,8.475434714275302,1,Yes,8.475434714275302,1,Thursday,8
2025-01-24,Birmingham,Croissant,Bakery,9.049000842271852,3,No,27.147002526815555,1,Friday,15
2025-01-25,Manchester,Smoothie,Beverage,3.0324440293566894,3,Yes,9.097332088070068,1,Saturday,14
2025-01-26,Birmingham,Espresso,Coffee,4.6708881089612335,4,No,18.683552435844934,1,Sunday,12
2025-01-27,London,Cappuccino,Coffee,8.554665664688738,2,No,17.109331329377476,1,Monday,8
2025-01-28,London,Latte,Coffee,9.352267451988695,3,No,28.056802355966084,1,Tuesday,12
2025-01-29,London,Cappuccino,Coffee,8.537207298528543,1,No,8.537207298528543,1,Wednesday,9
2025-01-30,London,Sandwich,Food,5.409356886168325,1,No,5.409356886168325,1,Thursday,9
2025-01-31,Manchester,Smoothie,Beverage,3.4276481977668185,1,Yes,3.4276481977668185,1,Friday,10
2025-02-01,London,Espresso,Coffee,8.831299255699975,4,No,35.3251970227999,2,Saturday,14
2025-02-02,Manchester,Croissant,Bakery,3.094182095611294,1,Yes,3.094182095611294,2,Sunday,18
2025-02-03,Birmingham,Smoothie,Beverage,8.644252214980764,3,Yes,25.93275664494229,2,Monday,9
2025-02-04,Manchester,Sandwich,Food,7.586418780556999,3,No,22.759256341670998,2,Tuesday,19
2025-02-05,London,Cappuccino,Coffee,7.2145370438506635,1,No,7.2145370438506635,2,Wednesday,18
2025-02-06,London,Latte,Coffee,9.374644054974535,2,Yes,18.74928810994907,2,Thursday,18
2025-02-07,Birmingham,Latte,Coffee,2.789376959642097,1,Yes,2.789376959642097,2,Friday,9
2025-02-08,London,Smoothie,Beverage,9.402411933707953,4,Yes,37.60964773483181,2,Saturday,7
2025-02-09,Manchester,Smoothie,Beverage,6.164250669486472,4,No,24.657002677945886,2,Sunday,11
2025-02-10,Birmingham,Smoothie,Beverage,5.978851271961587,4,No,23.91540508784635,2,Monday,8
2025-02-11,Birmingham,Smoothie,Beverage,4.145655766909523,2,No,8.291311533819046,2,Tuesday,10
2025-02-12,London,Latte,Coffee,5.945505730997129,1,No,5.945505730997129,2,Wednesday,9
2025-02-13,London,Cappuccino,Coffee,4.153200808646896,4,Yes,16.612803234587584,2,Thursday,19
2025-02-14,Manchester,Cappuccino,Coffee,7.618232049978771,4,Yes,30.472928199915085,2,Friday,13
2025-02-15,Birmingham,Croissant,Bakery,3.5572455468919424,1,No,3.5572455468919424,2,Saturday,8
2025-02-16,Manchester,Espresso,Coffee,6.486449429261754,4,Yes,25.945797717047014,2,Sunday,13
2025-02-17,London,Sandwich,Food,6.132248041022582,3,Yes,18.396744123067748,2,Monday,12
2025-02-18,Birmingham,Latte,Coffee,9.874101038002973,1,No,9.874101038002973,2,Tuesday,10
2025-02-19,London,Latte,Coffee,8.416900798668005,3,No,25.250702396004016,2,Wednesday,19
2025-02-20,London,Croissant,Bakery,4.739894746905302,4,No,18.959578987621207,2,Thursday,11
2025-02-21,Manchester,Croissant,Bakery,4.721528569017959,4,Yes,18.886114276071837,2,Friday,10
2025-02-22,Manchester,Latte,Coffee,2.5718975280988676,2,Yes,5.143795056197735,2,Saturday,7
2025-02-23,Birmingham,Croissant,Bakery,6.358391754925516,2,No,12.716783509851032,2,Sunday,14
2025-02-24,Birmingham,Smoothie,Beverage,4.5742104184596375,2,No,9.148420836919275,2,Monday,16
2025-02-25,London,Croissant,Bakery,5.25766702943931,4,Yes,21.03066811775724,2,Tuesday,12
2025-02-26,Manchester,Smoothie,Beverage,8.250095261028331,4,Yes,33.000381044113325,2,Wednesday,15
2025-02-27,Manchester,Cappuccino,Coffee,5.955436999879167,1,Yes,5.955436999879167,2,Thursday,10
2025-02-28,London,Latte,Coffee,4.734242480328049,3,Yes,14.202727440984148,2,Friday,9
2025-03-01,Birmingham,Sandwich,Food,6.94934537902399,4,Yes,27.79738151609596,3,Saturday,13
2025-03-02,Birmingham,Latte,Coffee,6.418315759815822,1,Yes,6.418315759815822,3,Sunday,14
2025-03-03,Birmingham,Croissant,Bakery,6.180529659226176,2,No,12.361059318452352,3,Monday,12
2025-03-04,Manchester,Croissant,Bakery,7.507372641837854,3,Yes,22.522117925513562,3,Tuesday,9
2025-03-05,London,Sandwich,Food,3.3250984453405437,2,Yes,6.650196890681087,3,Wednesday,8
2025-03-06,London,Sandwich,Food,7.167314093064139,4,Yes,28.669256372256555,3,Thursday,15
2025-03-07,London,Croissant,Bakery,3.824591540802442,2,No,7.649183081604884,3,Friday,15
2025-03-08,London,Smoothie,Beverage,9.406858388005098,4,Yes,37.62743355202039,3,Saturday,17
2025-03-09,London,Espresso,Coffee,4.691995352178447,2,Yes,9.383990704356894,3,Sunday,10
2025-03-10,Birmingham,Sandwich,Food,3.5914701655238384,3,No,10.774410496571516,3,Monday,9
2025-03-11,Manchester,Latte,Coffee,6.258552052697916,3,Yes,18.77565615809375,3,Tuesday,15
2025-03-12,Manchester,Espresso,Coffee,5.619998848333797,4,Yes,22.479995393335187,3,Wednesday,14
2025-03-13,Birmingham,Cappuccino,Coffee,3.703829432648196,3,Yes,11.11148829794459,3,Thursday,19
2025-03-14,Manchester,Smoothie,Beverage,8.149188926473645,1,No,8.149188926473645,3,Friday,15
2025-03-15,Birmingham,Cappuccino,Coffee,2.3169778255754965,2,No,4.633955651150993,3,Saturday,13
2025-03-16,London,Smoothie,Beverage,6.475615747154277,3,Yes,19.42684724146283,3,Sunday,17
2025-03-17,Manchester,Croissant,Bakery,3.0294788065540237,2,No,6.058957613108047,3,Monday,13
2025-03-18,London,Smoothie,Beverage,8.581716960521861,1,No,8.581716960521861,3,Tuesday,8
2025-03-19,London,Croissant,Bakery,5.732222970551495,3,Yes,17.196668911654484,3,Wednesday,15
2025-03-20,Manchester,Sandwich,Food,5.971768535754878,1,No,5.971768535754878,3,Thursday,19
2025-03-21,Manchester,Croissant,Bakery,6.114022680874169,3,No,18.342068042622508,3,Friday,15
2025-03-22,Birmingham,Croissant,Bakery,6.907894921043782,3,Yes,20.723684763131345,3,Saturday,14
2025-03-23,Birmingham,Cappuccino,Coffee,4.992490661229387,4,No,19.969962644917548,3,Sunday,13
2025-03-24,London,Smoothie,Beverage,6.542059905531487,1,No,6.542059905531487,3,Monday,7
2025-03-25,London,Espresso,Coffee,6.817214670422564,3,No,20.45164401126769,3,Tuesday,10
2025-03-26,London,Croissant,Bakery,8.732044413505864,3,No,26.196133240517593,3,Wednesday,16
2025-03-27,Manchester,Smoothie,Beverage,7.288656838901316,1,No,7.288656838901316,3,Thursday,16
2025-03-28,London,Croissant,Bakery,9.13351879023682,4,Yes,36.53407516094728,3,Friday,19
2025-03-29,London,Croissant,Bakery,6.298276055793916,3,Yes,18.894828167381746,3,Saturday,12
2025-03-30,Manchester,Sandwich,Food,5.4226227626017796,3,Yes,16.26786828780534,3,Sunday,13
2025-03-31,London,Smoothie,Beverage,5.164524702139639,1,No,5.164524702139639,3,Monday,15
2025-04-01,Birmingham,Espresso,Coffee,6.055878015745943,1,No,6.055878015745943,4,Tuesday,18
2025-04-02,Manchester,Cappuccino,Coffee,7.259290141541966,2,Yes,14.518580283083931,4,Wednesday,19
2025-04-03,London,Latte,Coffee,5.450747189736429,1,Yes,5.450747189736429,4,Thursday,19
2025-04-04,Manchester,Smoothie,Beverage,6.854831240622302,4,No,27.41932496248921,4,Friday,8
2025-04-05,Manchester,Latte,Coffee,2.6650216455112643,3,No,7.995064936533793,4,Saturday,9
2025-04-06,Birmingham,Sandwich,Food,2.202830699808729,1,No,2.202830699808729,4,Sunday,13
2025-04-07,London,Smoothie,Beverage,3.1331344407549606,1,No,3.1331344407549606,4,Monday,7
2025-04-08,Manchester,Espresso,Coffee,6.485503581740263,3,Yes,19.45651074522079,4,Tuesday,10
2025-04-09,Birmingham,Cappuccino,Coffee,7.5839343029266955,4,Yes,30.335737211706782,4,Wednesday,19
2025-04-10,Manchester,Croissant,Bakery,5.699062695646786,4,Yes,22.796250782587144,4,Thursday,8
2025-01-01,Manchester,Latte,Coffee,7.081467320923938,2,Yes,14.162934641847876,1,Wednesday,18
2025-01-02,London,Sandwich,Food,7.9740409733387745,3,Yes,23.922122920016324,1,Thursday,19
2025-01-03,London,Sandwich,Food,2.0539847614058147,1,Yes,2.0539847614058147,1,Friday,12
2025-01-04,London,Smoothie,Beverage,7.990729563153843,2,No,15.981459126307685,1,Saturday,13
2025-01-05,Manchester,Smoothie,Beverage,5.648212193023423,1,Yes,5.648212193023423,1,Sunday,11
2025-01-06,London,Sandwich,Food,5.995295887389975,3,No,17.985887662169926,1,Monday,11
2025-01-07,London,Cappuccino,Coffee,4.018491888444115,3,No,12.055475665332345,1,Tuesday,9
2025-01-08,Manchester,Croissant,Bakery,8.06235076988273,2,No,16.12470153976546,1,Wednesday,10
2025-01-09,Manchester,Sandwich,Food,6.383736513727914,4,Yes,25.534946054911657,1,Thursday,17
2025-01-10,Birmingham,Sandwich,Food,2.755935992836821,3,No,8.267807978510461,1,Friday,19
2025-01-11,Manchester,Croissant,Bakery,4.021458695668095,3,No,12.064376087004284,1,Saturday,9
2025-01-12,Manchester,Sandwich,Food,5.686922433842765,2,Yes,11.37384486768553,1,Sunday,11
2025-01-13,Birmingham,Latte,Coffee,7.391252933526776,3,No,22.173758800580327,1,Monday,15
2025-01-14,Manchester,Espresso,Coffee,7.712731566293643,3,Yes,23.13819469888093,1,Tuesday,13
2025-01-15,London,Croissant,Bakery,7.973497942106834,4,No,31.893991768427338,1,Wednesday,11
2025-01-16,Manchester,Sandwich,Food,8.30965884412629,1,No,8.30965884412629,1,Thursday,18
2025-01-17,London,Smoothie,Beverage,8.174504168807381,3,No,24.523512506422144,1,Friday,12
2025-01-18,London,Sandwich,Food,6.086518545464191,1,Yes,6.086518545464191,1,Saturday,14
2025-01-19,Manchester,Espresso,Coffee,2.8647389754637986,1,No,2.8647389754637986,1,Sunday,10
2025-01-20,Manchester,Latte,Coffee,9.730565184574449,3,No,29.191695553723346,1,Monday,19
2025-01-21,Manchester,Cappuccino,Coffee,6.201309280642309,2,Yes,12.402618561284617,1,Tuesday,19
2025-01-22,London,Croissant,Bakery,3.940115316268546,1,Yes,3.940115316268546,1,Wednesday,18
2025-01-23,London,Cappuccino,Coffee,5.645984917239004,1,No,5.645984917239004,1,Thursday,11
2025-01-24,Manchester,Espresso,Coffee,5.88650649238223,4,No,23.54602596952892,1,Friday,8
2025-01-25,Manchester,Croissant,Bakery,3.401180537333526,3,Yes,10.203541612000578,1,Saturday,7
2025-01-26,Birmingham,Cappuccino,Coffee,3.6685455128544096,1,No,3.6685455128544096,1,Sunday,10
2025-01-27,Manchester,Latte,Coffee,6.859790832370195,4,No,27.43916332948078,1,Monday,15
2025-01-28,Birmingham,Croissant,Bakery,7.185538853568482,4,No,28.742155414273928,1,Tuesday,11
2025-01-29,Birmingham,Cappuccino,Coffee,8.445340772993422,4,No,33.78136309197369,1,Wednesday,17
2025-01-30,London,Espresso,Coffee,9.815191544260376,3,Yes,29.445574632781128,1,Thursday,8
2025-01-31,Birmingham,Smoothie,Beverage,4.996819153011226,4,Yes,19.987276612044905,1,Friday,11
2025-02-01,Birmingham,Latte,Coffee,7.323211521700428,4,Yes,29.292846086801713,2,Saturday,15
2025-02-02,Birmingham,Cappuccino,Coffee,7.149058056267104,1,No,7.149058056267104,2,Sunday,18
2025-02-03,Birmingham,Espresso,Coffee,8.172361499149869,4,Yes,32.689445996599474,2,Monday,10
2025-02-04,London,Cappuccino,Coffee,3.8717091142286533,1,Yes,3.8717091142286533,2,Tuesday,15
2025-02-05,Manchester,Smoothie,Beverage,4.437043198466791,2,Yes,8.874086396933581,2,Wednesday,16
2025-02-06,London,Latte,Coffee,5.19463313927346,1,Yes,5.19463313927346,2,Thursday,8
2025-02-07,London,Latte,Coffee,7.416812006183006,1,No,7.416812006183006,2,Friday,11
2025-02-08,London,Croissant,Bakery,5.205753559133398,1,No,5.205753559133398,2,Saturday,19
2025-02-09,Birmingham,Croissant,Bakery,9.953508215781394,3,No,29.86052464734418,2,Sunday,17
2025-02-10,Manchester,Croissant,Bakery,8.464240826618347,4,Yes,33.85696330647339,2,Monday,8
2025-02-11,Manchester,Espresso,Coffee,3.569476169008344,1,Yes,3.569476169008344,2,Tuesday,18
2025-02-12,London,Latte,Coffee,5.778059192146478,1,Yes,5.778059192146478,2,Wednesday,15
2025-02-13,London,Cappuccino,Coffee,2.1138749592680997,3,No,6.341624877804299,2,Thursday,8
2025-02-14,London,Croissant,Bakery,7.182316504729997,1,Yes,7.182316504729997,2,Friday,19
2025-02-15,Birmingham,Latte,Coffee,9.158156245216134,3,No,27.4744687356484,2,Saturday,16
2025-02-16,London,Latte,Coffee,5.86229246261508,3,No,17.586877387845238,2,Sunday,8
2025-02-17,London,Sandwich,Food,4.432227182730118,4,Yes,17.728908730920473,2,Monday,7
2025-02-18,London,Espresso,Coffee,3.8412813613659234,2,No,7.682562722731847,2,Tuesday,17
2025-02-19,Birmingham,Smoothie,Beverage,5.69773441452765,3,No,17.09320324358295,2,Wednesday,8
2025-02-20,Birmingham,Croissant,Bakery,6.435031289106143,2,Yes,12.870062578212286,2,Thursday,7
2025-02-21,London,Smoothie,Beverage,6.558238118030304,3,Yes,19.674714354090913,2,Friday,19
2025-02-22,London,Cappuccino,Coffee,5.1141721494802415,2,Yes,10.228344298960483,2,Saturday,15
2025-02-23,London,Espresso,Coffee,6.619135789066239,1,No,6.619135789066239,2,Sunday,10
2025-02-24,Birmingham,Croissant,Bakery,8.904736859615419,1,Yes,8.904736859615419,2,Monday,19
2025-02-25,London,Croissant,Bakery,4.513050003684635,1,Yes,4.513050003684635,2,Tuesday,11
2025-02-26,Birmingham,Espresso,Coffee,2.9637002056883084,2,Yes,5.927400411376617,2,Wednesday,15
2025-02-27,Manchester,Croissant,Bakery,6.766220657670384,3,No,20.29866197301115,2,Thursday,7
2025-02-28,Manchester,Croissant,Bakery,9.368272398298892,4,Yes,37.47308959319557,2,Friday,16
2025-03-01,Birmingham,Smoothie,Beverage,3.1329223232783265,2,Yes,6.265844646556653,3,Saturday,19
2025-03-02,Birmingham,Smoothie,Beverage,6.168956525206109,4,Yes,24.675826100824438,3,Sunday,16
2025-03-03,Manchester,Croissant,Bakery,2.1220363808438956,3,No,6.366109142531687,3,Monday,12
2025-03-04,Birmingham,Smoothie,Beverage,6.201291435055,4,No,24.80516574022,3,Tuesday,10
2025-03-05,Manchester,Cappuccino,Coffee,2.876457887640549,1,Yes,2.876457887640549,3,Wednesday,9
2025-03-06,London,Sandwich,Food,3.4715865659391136,3,Yes,10.414759697817342,3,Thursday,9
2025-03-07,London,Espresso,Coffee,5.757422693470555,1,Yes,5.757422693470555,3,Friday,17
2025-03-08,Manchester,Sandwich,Food,8.120923366578829,4,Yes,32.483693466315316,3,Saturday,19
2025-03-09,London,Smoothie,Beverage,4.132108110142155,3,Yes,12.396324330426463,3,Sunday,13
2025-03-10,London,Croissant,Bakery,9.250546782501313,4,Yes,37.002187130005254,3,Monday,8
2025-03-11,Manchester,Smoothie,Beverage,3.823066655024193,1,Yes,3.823066655024193,3,Tuesday,15
2025-03-12,Birmingham,Cappuccino,Coffee,4.8145829571874525,1,No,4.8145829571874525,3,Wednesday,17
2025-03-13,Birmingham,Sandwich,Food,9.782053144132622,3,Yes,29.346159432397865,3,Thursday,8
2025-03-14,London,Smoothie,Beverage,3.077330709158244,4,Yes,12.309322836632976,3,Friday,10
2025-03-15,London,Croissant,Bakery,7.11770527596087,4,Yes,28.47082110384348,3,Saturday,15
2025-03-16,Birmingham,Latte,Coffee,9.87889957867021,1,No,9.87889957867021,3,Sunday,18
2025-03-17,Manchester,Smoothie,Beverage,4.434062189131973,4,Yes,17.736248756527893,3,Monday,8
2025-03-18,Manchester,Sandwich,Food,3.5253673376252372,2,No,7.0507346752504745,3,Tuesday,12
2025-03-19,London,Latte,Coffee,3.011816255206927,1,No,3.011816255206927,3,Wednesday,14
2025-03-20,Manchester,Croissant,Bakery,8.953475189750803,3,No,26.860425569252406,3,Thursday,19
2025-03-21,Birmingham,Sandwich,Food,3.3168272530461342,3,No,9.950481759138402,3,Friday,11
2025-03-22,Birmingham,Espresso,Coffee,2.3193514801873283,1,No,2.3193514801873283,3,Saturday,18
2025-03-23,London,Cappuccino,Coffee,7.135056090729967,2,No,14.270112181459934,3,Sunday,15
2025-03-24,Manchester,Smoothie,Beverage,4.548680581162098,2,No,9.097361162324196,3,Monday,17
2025-03-25,Manchester,Smoothie,Beverage,7.048856802973586,1,No,7.048856802973586,3,Tuesday,16
2025-03-26,Manchester,Sandwich,Food,3.0822638254513928,1,Yes,3.0822638254513928,3,Wednesday,19
2025-03-27,London,Latte,Coffee,5.5155753495353395,3,No,16.54672604860602,3,Thursday,14
2025-03-28,London,Sandwich,Food,7.382308144114457,1,Yes,7.382308144114457,3,Friday,12
2025-03-29,Manchester,Latte,Coffee,8.75617916244424,4,No,35.02471664977696,3,Saturday,10
2025-03-30,Birmingham,Espresso,Coffee,5.150032163165841,2,Yes,10.300064326331682,3,Sunday,10
2025-03-31,London,Smoothie,Beverage,6.345102125533286,1,No,6.345102125533286,3,Monday,9
2025-04-01,Birmingham,Latte,Coffee,5.357482026536322,2,No,10.714964053072643,4,Tuesday,17
2025-04-02,Manchester,Espresso,Coffee,8.136404812613955,1,No,8.136404812613955,4,Wednesday,15
2025-04-03,Manchester,Smoothie,Beverage,7.664354577474001,3,No,22.993063732422005,4,Thursday,19
2025-04-04,Birmingham,Espresso,Coffee,6.53360421471493,3,Yes,19.60081264414479,4,Friday,17
2025-04-05,Manchester,Smoothie,Beverage,7.314728356077722,2,No,14.629456712155443,4,Saturday,14
2025-04-06,London,Espresso,Coffee,4.17802957889785,1,Yes,4.17802957889785,4,Sunday,8
2025-04-07,Manchester,Smoothie,Beverage,3.992288171448159,3,Yes,11.976864514344477,4,Monday,14
2025-04-08,Birmingham,Latte,Coffee,4.1304388774775305,3,No,12.391316632432591,4,Tuesday,13
2025-04-09,Manchester,Espresso,Coffee,8.727136327263365,3,No,26.181408981790092,4,Wednesday,15
2025-04-10,Birmingham,Espresso,Coffee,8.729623603367152,2,Yes,17.459247206734304,4,Thursday,18
2025-01-01,Birmingham,Croissant,Bakery,3.4622939519625966,4,Yes,13.849175807850386,1,Wednesday,14
2025-01-02,London,Smoothie,Beverage,5.812154402992758,4,Yes,23.24861761197103,1,Thursday,19
2025-01-03,Birmingham,Smoothie,Beverage,3.8213096055922113,1,Yes,3.8213096055922113,1,Friday,10
2025-01-04,Birmingham,Cappuccino,Coffee,3.8208014330019022,2,No,7.6416028660038045,1,Saturday,9
2025-01-05,Birmingham,Sandwich,Food,8.543894617180285,4,No,34.17557846872114,1,Sunday,10
2025-01-06,Birmingham,Croissant,Bakery,7.456861119013043,2,No,14.913722238026086,1,Monday,17
2025-01-07,London,Latte,Coffee,7.3804324695408425,2,Yes,14.760864939081685,1,Tuesday,13
2025-01-08,Birmingham,Sandwich,Food,4.952303433968224,2,Yes,9.904606867936447,1,Wednesday,17
2025-01-09,London,Croissant,Bakery,3.9932879890202093,2,Yes,7.986575978040419,1,Thursday,17
2025-01-10,Birmingham,Cappuccino,Coffee,8.651681996961713,3,Yes,25.95504599088514,1,Friday,9
2025-01-11,Manchester,Sandwich,Food,7.802407334210768,1,Yes,7.802407334210768,1,Saturday,17
2025-01-12,Manchester,Cappuccino,Coffee,7.106265756415218,2,Yes,14.212531512830436,1,Sunday,7
2025-01-13,Manchester,Sandwich,Food,6.654231397199566,3,No,19.962694191598697,1,Monday,10
2025-01-14,Birmingham,Croissant,Bakery,7.93476745926904,1,Yes,7.93476745926904,1,Tuesday,14
2025-01-15,Birmingham,Cappuccino,Coffee,5.556084768789754,1,Yes,5.556084768789754,1,Wednesday,12
2025-01-16,Manchester,Sandwich,Food,4.515434541439289,4,Yes,18.061738165757156,1,Thursday,9
2025-01-17,London,Espresso,Coffee,7.11286746545185,2,Yes,14.2257349309037,1,Friday,18
2025-01-18,London,Cappuccino,Coffee,3.444371372589176,3,No,10.333114117767527,1,Saturday,7
2025-01-19,Manchester,Espresso,Coffee,4.922222226372861,3,No,14.766666679118584,1,Sunday,16
2025-01-20,London,Latte,Coffee,6.43398173183356,2,No,12.86796346366712,1,Monday,8
2025-01-21,London,Latte,Coffee,2.0365910739686903,3,Yes,6.109773221906071,1,Tuesday,11
2025-01-22,Birmingham,Cappuccino,Coffee,8.602581797947447,4,Yes,34.41032719178979,1,Wednesday,19
2025-01-23,Manchester,Cappuccino,Coffee,3.2060023387149412,4,Yes,12.824009354859765,1,Thursday,17
2025-01-24,Manchester,Latte,Coffee,4.501884221996184,2,No,9.003768443992367,1,Friday,9
2025-01-25,London,Espresso,Coffee,7.428293729515927,2,Yes,14.856587459031854,1,Saturday,16
2025-01-26,Birmingham,Sandwich,Food,9.959991242359834,4,Yes,39.839964969439336,1,Sunday,13
2025-01-27,Manchester,Espresso,Coffee,5.036402978393748,2,Yes,10.072805956787496,1,Monday,11
2025-01-28,Manchester,Smoothie,Beverage,7.241058403673301,2,No,14.482116807346602,1,Tuesday,13
2025-01-29,Manchester,Espresso,Coffee,9.205164951584383,2,No,18.410329903168765,1,Wednesday,8
2025-01-30,Manchester,Sandwich,Food,5.084001499024893,2,No,10.168002998049786,1,Thursday,15
2025-01-31,London,Croissant,Bakery,7.80300074442747,3,Yes,23.409002233282408,1,Friday,19
2025-02-01,Birmingham,Smoothie,Beverage,4.980548018565654,2,Yes,9.961096037131307,2,Saturday,19
2025-02-02,Manchester,Sandwich,Food,7.774015668252836,1,No,7.774015668252836,2,Sunday,16
2025-02-03,Manchester,Croissant,Bakery,4.099086301314067,4,Yes,16.396345205256267,2,Monday,10
2025-02-04,Manchester,Latte,Coffee,8.955866702662501,4,Yes,35.823466810650004,2,Tuesday,10
2025-02-05,London,Smoothie,Beverage,3.2995804903637564,2,Yes,6.599160980727513,2,Wednesday,14
2025-02-06,Birmingham,Latte,Coffee,2.8672947057280265,1,Yes,2.8672947057280265,2,Thursday,16
2025-02-07,Birmingham,Croissant,Bakery,9.788070334569202,3,No,29.364211003707606,2,Friday,16
2025-02-08,Manchester,Latte,Coffee,4.828317054223846,2,Yes,9.656634108447692,2,Saturday,12
2025-02-09,Manchester,Latte,Coffee,2.624861855051912,1,Yes,2.624861855051912,2,Sunday,14
2025-02-10,London,Croissant,Bakery,8.109860826182627,3,Yes,24.329582478547884,2,Monday,16
2025-02-11,Birmingham,Croissant,Bakery,8.026033045691392,2,No,16.052066091382784,2,Tuesday,7
2025-02-12,London,Espresso,Coffee,2.357791626504129,4,Yes,9.431166506016517,2,Wednesday,13
2025-02-13,Birmingham,Smoothie,Beverage,3.4056373839075604,2,Yes,6.811274767815121,2,Thursday,17
2025-02-14,London,Croissant,Bakery,3.218468902221076,4,No,12.873875608884305,2,Friday,8
2025-02-15,Manchester,Latte,Coffee,7.726948005150701,2,Yes,15.453896010301403,2,Saturday,9
2025-02-16,Manchester,Sandwich,Food,4.163250539794926,3,No,12.489751619384776,2,Sunday,18
2025-02-17,London,Smoothie,Beverage,9.350664152805688,4,Yes,37.40265661122275,2,Monday,10
2025-02-18,Manchester,Cappuccino,Coffee,2.6505428289354294,3,Yes,7.951628486806288,2,Tuesday,10
2025-02-19,Birmingham,Sandwich,Food,2.0056357189560448,3,Yes,6.016907156868134,2,Wednesday,16
2025-02-20,Birmingham,Cappuccino,Coffee,2.007353280575953,2,Yes,4.014706561151906,2,Thursday,18
2025-02-21,Birmingham,Smoothie,Beverage,2.7329065100229295,2,No,5.465813020045859,2,Friday,17
2025-02-22,Manchester,Sandwich,Food,5.049130996686988,3,Yes,15.147392990060965,2,Saturday,10
2025-02-23,Birmingham,Cappuccino,Coffee,6.600407672301402,1,Yes,6.600407672301402,2,Sunday,16
2025-02-24,Manchester,Smoothie,Beverage,5.617226525661262,1,Yes,5.617226525661262,2,Monday,14
2025-02-25,Manchester,Sandwich,Food,5.588078703000243,1,Yes,5.588078703000243,2,Tuesday,14
2025-02-26,London,Sandwich,Food,6.1315610346321,3,No,18.394683103896302,2,Wednesday,17
2025-02-27,Birmingham,Cappuccino,Coffee,7.907245293622781,2,Yes,15.814490587245562,2,Thursday,9
2025-02-28,London,Latte,Coffee,4.739661036604784,3,No,14.218983109814353,2,Friday,16
2025-03-01,Manchester,Sandwich,Food,8.227340801545065,1,No,8.227340801545065,3,Saturday,10
2025-03-02,London,Smoothie,Beverage,6.6052265564341965,4,No,26.420906225736786,3,Sunday,16
2025-03-03,London,Latte,Coffee,6.632111905989376,1,No,6.632111905989376,3,Monday,14
2025-03-04,Manchester,Latte,Coffee,3.7309028584357744,1,No,3.7309028584357744,3,Tuesday,12
2025-03-05,London,Smoothie,Beverage,7.860852670368627,3,No,23.58255801110588,3,Wednesday,7
2025-03-06,Manchester,Latte,Coffee,8.633556140152859,2,No,17.267112280305717,3,Thursday,8
2025-03-07,Manchester,Espresso,Coffee,7.356915937995256,3,Yes,22.07074781398577,3,Friday,12
2025-03-08,Birmingham,Latte,Coffee,3.3325140778381908,4,Yes,13.330056311352763,3,Saturday,10
2025-03-09,Birmingham,Espresso,Coffee,7.766891600278825,4,No,31.0675664011153,3,Sunday,16
2025-03-10,Birmingham,Sandwich,Food,4.610032690806059,4,Yes,18.440130763224236,3,Monday,11
2025-03-11,Manchester,Espresso,Coffee,6.321761555185809,1,Yes,6.321761555185809,3,Tuesday,7
2025-03-12,Birmingham,Croissant,Bakery,3.787204717262143,3,Yes,11.36161415178643,3,Wednesday,10
2025-03-13,Manchester,Espresso,Coffee,2.5588827172882347,2,No,5.117765434576469,3,Thursday,12
2025-03-14,London,Latte,Coffee,8.907607941205805,4,No,35.63043176482322,3,Friday,16
2025-03-15,Birmingham,Cappuccino,Coffee,9.325211038581688,3,Yes,27.975633115745065,3,Saturday,10
2025-03-16,Birmingham,Croissant,Bakery,7.851676054733024,3,No,23.555028164199072,3,Sunday,10
2025-03-17,Manchester,Smoothie,Beverage,7.395688886310083,4,No,29.58275554524033,3,Monday,7
2025-03-18,Manchester,Latte,Coffee,3.1761716708398247,4,No,12.704686683359299,3,Tuesday,10
2025-03-19,Manchester,Smoothie,Beverage,2.5945443483753694,4,No,10.378177393501478,3,Wednesday,10
2025-03-20,Manchester,Smoothie,Beverage,5.334729420851863,3,No,16.004188262555587,3,Thursday,9
2025-03-21,London,Croissant,Bakery,4.271779330512728,4,Yes,17.08711732205091,3,Friday,8
2025-03-22,Manchester,Cappuccino,Coffee,7.441194265800347,1,No,7.441194265800347,3,Saturday,18
2025-03-23,London,Smoothie,Beverage,8.843069803635654,4,No,35.372279214542615,3,Sunday,18
2025-03-24,Manchester,Espresso,Coffee,4.796841732806004,3,Yes,14.390525198418011,3,Monday,10
2025-03-25,Birmingham,Espresso,Coffee,5.480940793602699,4,Yes,21.923763174410794,3,Tuesday,12
2025-03-26,Birmingham,Espresso,Coffee,9.859292692812271,2,No,19.718585385624543,3,Wednesday,19
2025-03-27,Manchester,Croissant,Bakery,4.084123876341333,4,Yes,16.33649550536533,3,Thursday,13
2025-03-28,Manchester,Cappuccino,Coffee,7.142093834232225,2,No,14.28418766846445,3,Friday,9
2025-03-29,Manchester,Croissant,Bakery,6.91291494690567,2,Yes,13.82582989381134,3,Saturday,17
2025-03-30,London,Croissant,Bakery,6.011190661923132,2,Yes,12.022381323846265,3,Sunday,18
2025-03-31,Manchester,Sandwich,Food,7.15234518369792,2,No,14.30469036739584,3,Monday,17
2025-04-01,London,Croissant,Bakery,7.365155095004968,3,No,22.095465285014903,4,Tuesday,14
2025-04-02,Birmingham,Cappuccino,Coffee,8.388743300491434,2,No,16.77748660098287,4,Wednesday,8
2025-04-03,Birmingham,Smoothie,Beverage,7.662336823614976,1,Yes,7.662336823614976,4,Thursday,11
2025-04-04,Birmingham,Espresso,Coffee,5.025785989259851,3,No,15.077357967779552,4,Friday,7
2025-04-05,Manchester,Smoothie,Beverage,3.847240076361513,3,No,11.54172022908454,4,Saturday,15
2025-04-06,Manchester,Espresso,Coffee,8.475975251597934,3,Yes,25.4279257547938,4,Sunday,16
2025-04-07,Birmingham,Espresso,Coffee,2.6954112511553205,4,Yes,10.781645004621282,4,Monday,16
2025-04-08,Birmingham,Smoothie,Beverage,4.983798147353399,1,No,4.983798147353399,4,Tuesday,12
2025-04-09,London,Croissant,Bakery,4.271917974278094,1,No,4.271917974278094,4,Wednesday,19
2025-04-10,London,Smoothie,Beverage,7.349507216158677,3,No,22.04852164847603,4,Thursday,12
2025-01-01,Birmingham,Espresso,Coffee,9.230987057221899,1,Yes,9.230987057221899,1,Wednesday,18
2025-01-02,Birmingham,Espresso,Coffee,6.795738343805675,3,No,20.387215031417025,1,Thursday,7
2025-01-03,Manchester,Smoothie,Beverage,9.13462970264198,4,No,36.53851881056792,1,Friday,11
2025-01-04,Manchester,Smoothie,Beverage,9.576645974818017,1,Yes,9.576645974818017,1,Saturday,12
2025-01-05,London,Croissant,Bakery,8.680412375185476,2,Yes,17.360824750370952,1,Sunday,12
2025-01-06,London,Espresso,Coffee,7.786457186567284,1,Yes,7.786457186567284,1,Monday,7
2025-01-07,Manchester,Cappuccino,Coffee,4.565731473752561,1,No,4.565731473752561,1,Tuesday,8
2025-01-08,London,Latte,Coffee,7.3200059396294055,2,Yes,14.640011879258811,1,Wednesday,14
2025-01-09,London,Smoothie,Beverage,2.2101708875273554,2,Yes,4.420341775054711,1,Thursday,9
2025-01-10,London,Latte,Coffee,4.719570739739802,2,Yes,9.439141479479604,1,Friday,8
2025-01-11,Birmingham,Croissant,Bakery,5.03440209043073,1,Yes,5.03440209043073,1,Saturday,8
2025-01-12,Birmingham,Espresso,Coffee,4.523304635851152,4,No,18.093218543404607,1,Sunday,8
2025-01-13,Birmingham,Sandwich,Food,8.947493110631587,3,No,26.84247933189476,1,Monday,14
2025-01-14,London,Latte,Coffee,9.584052866343646,2,Yes,19.16810573268729,1,Tuesday,8
2025-01-15,Birmingham,Espresso,Coffee,9.18869813307344,2,Yes,18.37739626614688,1,Wednesday,12
2025-01-16,London,Smoothie,Beverage,4.575448435460272,3,Yes,13.726345306380816,1,Thursday,14
2025-01-17,London,Sandwich,Food,4.38585806281046,1,Yes,4.38585806281046,1,Friday,16
2025-01-18,Birmingham,Smoothie,Beverage,4.2259197730116895,4,No,16.903679092046758,1,Saturday,14
2025-01-19,Manchester,Smoothie,Beverage,6.455604332314506,2,No,12.911208664629012,1,Sunday,13
2025-01-20,London,Latte,Coffee,7.806341800150624,2,Yes,15.612683600301247,1,Monday,10
2025-01-21,Manchester,Croissant,Bakery,9.16991510283589,3,No,27.50974530850767,1,Tuesday,9
2025-01-22,Manchester,Sandwich,Food,8.864769755386838,2,Yes,17.729539510773677,1,Wednesday,8
2025-01-23,London,Cappuccino,Coffee,9.557212545784541,2,Yes,19.114425091569082,1,Thursday,13
2025-01-24,London,Cappuccino,Coffee,8.163866988398848,3,No,24.491600965196543,1,Friday,9
2025-01-25,Birmingham,Cappuccino,Coffee,8.703504139264911,1,Yes,8.703504139264911,1,Saturday,13
2025-01-26,Birmingham,Latte,Coffee,6.01491322324011,4,Yes,24.05965289296044,1,Sunday,9
2025-01-27,Manchester,Croissant,Bakery,3.53970427604645,3,Yes,10.61911282813935,1,Monday,19
2025-01-28,Manchester,Smoothie,Beverage,5.952283566971361,2,Yes,11.904567133942722,1,Tuesday,15
2025-01-29,London,Cappuccino,Coffee,9.82165853241452,3,Yes,29.464975597243562,1,Wednesday,12
2025-01-30,Birmingham,Smoothie,Beverage,5.724955549315952,2,No,11.449911098631905,1,Thursday,8
2025-01-31,Manchester,Cappuccino,Coffee,5.530449390696348,1,Yes,5.530449390696348,1,Friday,14
2025-02-01,Manchester,Smoothie,Beverage,6.09269681386787,1,No,6.09269681386787,2,Saturday,7
2025-02-02,Birmingham,Sandwich,Food,5.257820055354121,4,No,21.031280221416484,2,Sunday,18
2025-02-03,London,Espresso,Coffee,9.750164741598573,4,No,39.00065896639429,2,Monday,11
2025-02-04,Birmingham,Espresso,Coffee,9.800280317920695,3,Yes,29.400840953762085,2,Tuesday,19
2025-02-05,Manchester,Espresso,Coffee,8.755002548373056,4,No,35.020010193492226,2,Wednesday,17
2025-02-06,Birmingham,Latte,Coffee,9.34723476041825,1,Yes,9.34723476041825,2,Thursday,8
2025-02-07,Manchester,Croissant,Bakery,5.4371190174393975,2,No,10.874238034878795,2,Friday,12
2025-02-08,London,Latte,Coffee,8.76190399122859,2,Yes,17.52380798245718,2,Saturday,16
2025-02-09,Birmingham,Croissant,Bakery,5.6369746661183635,1,No,5.6369746661183635,2,Sunday,13
2025-02-10,Birmingham,Espresso,Coffee,6.139127735588234,1,No,6.139127735588234,2,Monday,19
2025-02-11,Birmingham,Sandwich,Food,4.874669393777144,3,No,14.624008181331433,2,Tuesday,15
2025-02-12,London,Espresso,Coffee,4.301730182886661,1,Yes,4.301730182886661,2,Wednesday,14
2025-02-13,Manchester,Smoothie,Beverage,6.848025236097818,1,No,6.848025236097818,2,Thursday,10
2025-02-14,Birmingham,Croissant,Bakery,9.850640181250297,4,Yes,39.40256072500119,2,Friday,15
2025-02-15,Manchester,Sandwich,Food,9.209526234001634,4,No,36.83810493600654,2,Saturday,11
2025-02-16,Manchester,Sandwich,Food,6.697048397689875,2,No,13.39409679537975,2,Sunday,18
2025-02-17,London,Espresso,Coffee,5.83315090104981,3,No,17.49945270314943,2,Monday,12
2025-02-18,Birmingham,Smoothie,Beverage,5.105496581411726,4,No,20.421986325646905,2,Tuesday,13
2025-02-19,Manchester,Sandwich,Food,2.3150528038804783,1,No,2.3150528038804783,2,Wednesday,7
2025-02-20,Manchester,Cappuccino,Coffee,3.73180856727281,3,No,11.19542570181843,2,Thursday,16
2025-02-21,Birmingham,Espresso,Coffee,7.492350428264113,2,Yes,14.984700856528226,2,Friday,8
2025-02-22,Birmingham,Latte,Coffee,7.757009321853598,1,Yes,7.757009321853598,2,Saturday,11
2025-02-23,Manchester,Espresso,Coffee,2.3336586505610164,2,Yes,4.667317301122033,2,Sunday,11
2025-02-24,Manchester,Sandwich,Food,7.620960057474107,4,Yes,30.48384022989643,2,Monday,13
2025-02-25,Manchester,Croissant,Bakery,6.870396762712072,2,Yes,13.740793525424143,2,Tuesday,10
2025-02-26,London,Smoothie,Beverage,3.3277812224809766,2,No,6.655562444961953,2,Wednesday,12
2025-02-27,Birmingham,Smoothie,Beverage,9.65633721777306,4,Yes,38.62534887109224,2,Thursday,11
2025-02-28,Manchester,Latte,Coffee,7.589136092286947,1,Yes,7.589136092286947,2,Friday,7
2025-03-01,London,Latte,Coffee,4.587791063795732,2,No,9.175582127591465,3,Saturday,7
2025-03-02,Manchester,Cappuccino,Coffee,9.642944522976276,3,Yes,28.928833568928827,3,Sunday,7
2025-03-03,London,Smoothie,Beverage,3.256945535143643,2,No,6.513891070287286,3,Monday,12
2025-03-04,London,Sandwich,Food,3.6333180745572102,3,No,10.899954223671632,3,Tuesday,13
2025-03-05,London,Cappuccino,Coffee,6.189479534991961,2,No,12.378959069983923,3,Wednesday,11
2025-03-06,London,Sandwich,Food,7.108895433175767,3,Yes,21.3266862995273,3,Thursday,16
2025-03-07,Manchester,Sandwich,Food,6.708116502037895,2,Yes,13.41623300407579,3,Friday,14
2025-03-08,London,Smoothie,Beverage,7.279334504672296,3,No,21.83800351401689,3,Saturday,8
2025-03-09,London,Sandwich,Food,8.090019058626618,1,Yes,8.090019058626618,3,Sunday,15
2025-03-10,Manchester,Espresso,Coffee,4.74432855500226,2,Yes,9.48865711000452,3,Monday,12
2025-03-11,Manchester,Croissant,Bakery,2.726684459920122,1,No,2.726684459920122,3,Tuesday,9
2025-03-12,Birmingham,Sandwich,Food,7.676264773642819,2,Yes,15.352529547285638,3,Wednesday,11
2025-03-13,Birmingham,Espresso,Coffee,2.800241485905694,1,Yes,2.800241485905694,3,Thursday,19
2025-03-14,Manchester,Smoothie,Beverage,4.514697666746988,2,No,9.029395333493976,3,Friday,10
2025-03-15,Manchester,Croissant,Bakery,8.208880002001358,2,No,16.417760004002716,3,Saturday,10
2025-03-16,London,Croissant,Bakery,5.35148822871282,2,No,10.70297645742564,3,Sunday,12
2025-03-17,London,Cappuccino,Coffee,5.755419657713059,1,No,5.755419657713059,3,Monday,11
2025-03-18,London,Espresso,Coffee,6.253346675456699,2,No,12.506693350913398,3,Tuesday,8
2025-03-19,London,Croissant,Bakery,5.079425417550137,1,No,5.079425417550137,3,Wednesday,7
2025-03-20,Manchester,Croissant,Bakery,5.113832500914567,2,No,10.227665001829134,3,Thursday,18
2025-03-21,London,Croissant,Bakery,4.95416264224549,2,No,9.90832528449098,3,Friday,10
2025-03-22,Manchester,Espresso,Coffee,8.23198123213505,1,Yes,8.23198123213505,3,Saturday,17
2025-03-23,London,Sandwich,Food,8.46912817078502,3,No,25.40738451235506,3,Sunday,19
2025-03-24,London,Smoothie,Beverage,9.224031633711217,3,No,27.67209490113365,3,Monday,7
2025-03-25,London,Croissant,Bakery,2.5308299858369727,2,Yes,5.061659971673945,3,Tuesday,13
2025-03-26,Manchester,Cappuccino,Coffee,6.687013321801632,1,Yes,6.687013321801632,3,Wednesday,15
2025-03-27,Birmingham,Smoothie,Beverage,7.1597184367833355,4,No,28.638873747133342,3,Thursday,8
2025-03-28,London,Smoothie,Beverage,7.299453079226631,2,Yes,14.598906158453262,3,Friday,8
2025-03-29,Manchester,Cappuccino,Coffee,5.894439133183806,3,No,17.68331739955142,3,Saturday,19
2025-03-30,Manchester,Latte,Coffee,9.964633094635104,4,No,39.85853237854042,3,Sunday,16
2025-03-31,Manchester,Sandwich,Food,3.740997559137991,2,No,7.481995118275982,3,Monday,9
2025-04-01,Birmingham,Latte,Coffee,5.030957693199812,3,Yes,15.092873079599435,4,Tuesday,16
2025-04-02,Birmingham,Croissant,Bakery,8.929005002268475,3,Yes,26.787015006805426,4,Wednesday,8
2025-04-03,Birmingham,Cappuccino,Coffee,4.517208987972012,4,No,18.068835951888047,4,Thursday,7
2025-04-04,Manchester,Sandwich,Food,7.714697527083384,2,Yes,15.429395054166768,4,Friday,7
2025-04-05,Birmingham,Sandwich,Food,7.792875163244133,4,Yes,31.171500652976533,4,Saturday,12
2025-04-06,Birmingham,Cappuccino,Coffee,4.214371188103832,1,Yes,4.214371188103832,4,Sunday,16
2025-04-07,Birmingham,Cappuccino,Coffee,6.747053170425862,1,Yes,6.747053170425862,4,Monday,9
2025-04-08,London,Smoothie,Beverage,8.263666911508507,3,No,24.791000734525518,4,Tuesday,7
2025-04-09,Manchester,Latte,Coffee,8.025938994250906,2,Yes,16.05187798850181,4,Wednesday,15
2025-04-10,London,Smoothie,Beverage,6.993987096205519,2,Yes,13.987974192411038,4,Thursday,17
2025-01-01,London,Sandwich,Food,7.663799549332367,2,Yes,15.327599098664734,1,Wednesday,7
2025-01-02,Manchester,Sandwich,Food,2.461115965962289,1,Yes,2.461115965962289,1,Thursday,9
2025-01-03,Birmingham,Latte,Coffee,2.684872108324175,3,Yes,8.054616324972525,1,Friday,12
2025-01-04,Birmingham,Sandwich,Food,6.779796327537748,3,No,20.339388982613244,1,Saturday,16
2025-01-05,Manchester,Cappuccino,Coffee,5.91737286422498,2,No,11.83474572844996,1,Sunday,14
2025-01-06,Birmingham,Sandwich,Food,4.632022796984674,3,Yes,13.89606839095402,1,Monday,11
2025-01-07,Manchester,Smoothie,Beverage,2.359058314085199,2,No,4.718116628170398,1,Tuesday,15
2025-01-08,London,Espresso,Coffee,8.373565705799656,4,No,33.494262823198625,1,Wednesday,9
2025-01-09,Manchester,Cappuccino,Coffee,7.351686800572675,2,Yes,14.70337360114535,1,Thursday,17
2025-01-10,Manchester,Smoothie,Beverage,9.622584042931448,4,No,38.490336171725794,1,Friday,8
2025-01-11,London,Latte,Coffee,5.014959180534358,1,Yes,5.014959180534358,1,Saturday,13
2025-01-12,Birmingham,Smoothie,Beverage,6.645060602014099,4,Yes,26.580242408056396,1,Sunday,12
2025-01-13,Manchester,Smoothie,Beverage,5.179676805326621,1,No,5.179676805326621,1,Monday,12
2025-01-14,London,Croissant,Bakery,7.0132490043489915,1,Yes,7.0132490043489915,1,Tuesday,12
2025-01-15,Manchester,Latte,Coffee,4.9860911961932,2,Yes,9.9721823923864,1,Wednesday,15
2025-01-16,Birmingham,Croissant,Bakery,7.552384250859383,4,No,30.209537003437532,1,Thursday,12
2025-01-17,Manchester,Latte,Coffee,4.018687895563647,3,No,12.05606368669094,1,Friday,18
2025-01-18,Manchester,Sandwich,Food,5.480968319350106,1,Yes,5.480968319350106,1,Saturday,17
2025-01-19,London,Sandwich,Food,5.393131004638477,3,No,16.17939301391543,1,Sunday,7
2025-01-20,London,Cappuccino,Coffee,7.329148109405007,3,Yes,21.98744432821502,1,Monday,14
2025-01-21,Manchester,Espresso,Coffee,2.4491356324132187,4,No,9.796542529652875,1,Tuesday,13
2025-01-22,Birmingham,Cappuccino,Coffee,6.285463841990926,1,No,6.285463841990926,1,Wednesday,15
2025-01-23,Birmingham,Cappuccino,Coffee,2.35119209456714,2,No,4.70238418913428,1,Thursday,8
2025-01-24,Manchester,Smoothie,Beverage,4.035344791753947,3,No,12.106034375261842,1,Friday,18
2025-01-25,Birmingham,Sandwich,Food,6.257589349365766,2,No,12.515178698731532,1,Saturday,19
2025-01-26,Birmingham,Smoothie,Beverage,8.539187473665544,1,No,8.539187473665544,1,Sunday,17
2025-01-27,London,Sandwich,Food,6.25707243319497,1,Yes,6.25707243319497,1,Monday,9
2025-01-28,Birmingham,Latte,Coffee,9.188329733636461,1,Yes,9.188329733636461,1,Tuesday,16
2025-01-29,Manchester,Smoothie,Beverage,4.991243684358507,3,No,14.97373105307552,1,Wednesday,16
2025-01-30,Birmingham,Smoothie,Beverage,4.204430975967108,2,Yes,8.408861951934217,1,Thursday,10
2025-01-31,Manchester,Smoothie,Beverage,5.223705809863033,1,Yes,5.223705809863033,1,Friday,8
2025-02-01,Manchester,Sandwich,Food,7.847010707045514,1,Yes,7.847010707045514,2,Saturday,9
2025-02-02,Birmingham,Espresso,Coffee,7.316341095444469,4,Yes,29.265364381777875,2,Sunday,19
2025-02-03,London,Cappuccino,Coffee,8.189408797572117,3,Yes,24.56822639271635,2,Monday,13
2025-02-04,London,Smoothie,Beverage,3.3055638307037754,3,Yes,9.916691492111326,2,Tuesday,13
2025-02-05,London,Espresso,Coffee,5.49952676282663,3,No,16.49858028847989,2,Wednesday,14
2025-02-06,London,Smoothie,Beverage,5.052205749167818,3,Yes,15.156617247503455,2,Thursday,16
2025-02-07,Manchester,Croissant,Bakery,5.081817854408217,2,No,10.163635708816434,2,Friday,15
2025-02-08,London,Croissant,Bakery,2.746277892480239,1,Yes,2.746277892480239,2,Saturday,12
2025-02-09,Manchester,Espresso,Coffee,9.473006002437096,4,No,37.89202400974838,2,Sunday,14
2025-02-10,Manchester,Croissant,Bakery,6.204006654084665,3,Yes,18.612019962253996,2,Monday,15
2025-02-11,Manchester,Croissant,Bakery,3.147767457814327,1,Yes,3.147767457814327,2,Tuesday,7
2025-02-12,Birmingham,Espresso,Coffee,5.453416099460239,3,Yes,16.360248298380718,2,Wednesday,17
2025-02-13,London,Sandwich,Food,7.839423847756675,4,No,31.3576953910267,2,Thursday,9
2025-02-14,Birmingham,Sandwich,Food,3.2186915083095116,1,Yes,3.2186915083095116,2,Friday,7
2025-02-15,Manchester,Espresso,Coffee,2.092262739526234,2,No,4.184525479052468,2,Saturday,11
2025-02-16,London,Latte,Coffee,5.272591066945307,2,No,10.545182133890615,2,Sunday,9
2025-02-17,Birmingham,Sandwich,Food,8.792986679407258,3,Yes,26.378960038221777,2,Monday,7
2025-02-18,London,Cappuccino,Coffee,3.2314570544167234,4,No,12.925828217666893,2,Tuesday,9
2025-02-19,Birmingham,Sandwich,Food,5.627459920960077,1,No,5.627459920960077,2,Wednesday,17
2025-02-20,London,Sandwich,Food,2.297205125308614,4,Yes,9.188820501234456,2,Thursday,19
2025-02-21,Birmingham,Espresso,Coffee,7.532113140751628,1,Yes,7.532113140751628,2,Friday,14
2025-02-22,Manchester,Cappuccino,Coffee,8.56248214567464,3,Yes,25.68744643702392,2,Saturday,14
2025-02-23,London,Latte,Coffee,6.174364181391518,2,No,12.348728362783037,2,Sunday,13
2025-02-24,London,Sandwich,Food,8.13884839715557,4,No,32.55539358862228,2,Monday,15
2025-02-25,London,Cappuccino,Coffee,8.502240747726336,4,No,34.008962990905346,2,Tuesday,10
2025-02-26,London,Sandwich,Food,7.094989000918611,3,No,21.284967002755835,2,Wednesday,13
2025-02-27,Manchester,Latte,Coffee,6.043717982593634,1,Yes,6.043717982593634,2,Thursday,17
2025-02-28,London,Croissant,Bakery,4.9621079077846275,4,Yes,19.84843163113851,2,Friday,12
2025-03-01,Birmingham,Croissant,Bakery,7.715311496291186,4,No,30.861245985164743,3,Saturday,12
2025-03-02,Birmingham,Sandwich,Food,2.208213811593704,2,Yes,4.416427623187408,3,Sunday,12
2025-03-03,London,Latte,Coffee,9.595027397357036,3,No,28.78508219207111,3,Monday,13
2025-03-04,London,Sandwich,Food,4.342409993846264,4,Yes,17.369639975385056,3,Tuesday,9
2025-03-05,London,Espresso,Coffee,4.416703671520234,1,Yes,4.416703671520234,3,Wednesday,15
2025-03-06,London,Espresso,Coffee,4.907018139784685,2,Yes,9.81403627956937,3,Thursday,12
2025-03-07,Birmingham,Smoothie,Beverage,3.6671554904933954,2,No,7.334310980986791,3,Friday,15
2025-03-08,Birmingham,Latte,Coffee,6.323775221852368,4,Yes,25.295100887409472,3,Saturday,16
2025-03-09,London,Latte,Coffee,5.501320983343019,1,No,5.501320983343019,3,Sunday,12
2025-03-10,Manchester,Cappuccino,Coffee,7.236982665812918,2,No,14.473965331625836,3,Monday,13
2025-03-11,Manchester,Espresso,Coffee,5.105241246114868,1,Yes,5.105241246114868,3,Tuesday,13
2025-03-12,London,Espresso,Coffee,8.292239233809092,1,No,8.292239233809092,3,Wednesday,13
2025-03-13,Birmingham,Smoothie,Beverage,8.292780684509093,1,No,8.292780684509093,3,Thursday,10
2025-03-14,London,Cappuccino,Coffee,8.648761915184737,1,Yes,8.648761915184737,3,Friday,14
2025-03-15,Birmingham,Cappuccino,Coffee,9.892060289643162,4,Yes,39.56824115857265,3,Saturday,10
2025-03-16,Birmingham,Latte,Coffee,4.872822554853767,2,Yes,9.745645109707533,3,Sunday,12
2025-03-17,Birmingham,Espresso,Coffee,4.899508968474932,1,No,4.899508968474932,3,Monday,16
2025-03-18,Manchester,Latte,Coffee,5.594774260203354,1,No,5.594774260203354,3,Tuesday,19
2025-03-19,London,Latte,Coffee,3.887399663964339,3,No,11.662198991893018,3,Wednesday,19
2025-03-20,London,Smoothie,Beverage,3.2842093845368856,3,No,9.852628153610656,3,Thursday,8
2025-03-21,Birmingham,Cappuccino,Coffee,6.641487890389292,4,Yes,26.565951561557167,3,Friday,15
2025-03-22,London,Croissant,Bakery,9.744278124290435,1,No,9.744278124290435,3,Saturday,8
2025-03-23,Birmingham,Croissant,Bakery,3.3296159148895503,1,Yes,3.3296159148895503,3,Sunday,13
2025-03-24,London,Sandwich,Food,2.80739256029171,3,Yes,8.42217768087513,3,Monday,12
2025-03-25,London,Espresso,Coffee,9.658836913981162,1,No,9.658836913981162,3,Tuesday,15
2025-03-26,Manchester,Sandwich,Food,6.3676867770026675,2,Yes,12.735373554005335,3,Wednesday,19
2025-03-27,Birmingham,Espresso,Coffee,8.632088965468906,3,Yes,25.89626689640672,3,Thursday,15
2025-03-28,London,Latte,Coffee,9.058830352025975,3,No,27.176491056077925,3,Friday,14
2025-03-29,Manchester,Cappuccino,Coffee,8.49033243499709,3,No,25.47099730499127,3,Saturday,11
2025-03-30,London,Sandwich,Food,5.127898075490555,3,Yes,15.383694226471665,3,Sunday,17
2025-03-31,London,Espresso,Coffee,9.948654115575923,1,No,9.948654115575923,3,Monday,16
2025-04-01,London,Croissant,Bakery,8.01557434276745,4,Yes,32.0622973710698,4,Tuesday,9
2025-04-02,London,Latte,Coffee,4.072476258092409,2,Yes,8.144952516184818,4,Wednesday,7
2025-04-03,Manchester,Latte,Coffee,8.423149663313488,1,No,8.423149663313488,4,Thursday,7
2025-04-04,London,Sandwich,Food,4.715874709116031,3,Yes,14.147624127348093,4,Friday,15
2025-04-05,Manchester,Cappuccino,Coffee,3.829958354248519,2,Yes,7.659916708497038,4,Saturday,17
2025-04-06,London,Smoothie,Beverage,5.873953181858243,3,Yes,17.62185954557473,4,Sunday,17
2025-04-07,Manchester,Espresso,Coffee,6.236792505555127,3,Yes,18.710377516665382,4,Monday,13
2025-04-08,Manchester,Cappuccino,Coffee,4.707219781490931,3,No,14.121659344472793,4,Tuesday,7
2025-04-09,Manchester,Croissant,Bakery,3.0252187898397462,3,No,9.075656369519239,4,Wednesday,11
2025-04-10,Birmingham,Latte,Coffee,2.6626088974219124,3,No,7.987826692265737,4,Thursday,13
